{"POS": {"LAT":35.6778614, "LON":139.7703167, "ALT": 0.00 }, "ATT" :{"ROLL": 0, "PITCH": 0, "YAW": 0} }