{"POS": {"LAT":35.681507435880285, "LON":139.7696108873075, "ALT": 28.49}, "ATT" :{"ROLL": 0, "PITCH": 0, "YAW": 0} }