{"POS": {"LAT":35.681369327491446, "LON":139.7661174016705, "ALT": 30.12 }, "ATT" :{"ROLL": 0, "PITCH": 0, "YAW": 0} }